{"accuracy": [0.600867748260498, 0.8625933527946472, 0.9150437712669373, 0.9413898587226868, 0.9567679166793823, 0.9659435153007507, 0.9734689593315125, 0.9770680665969849, 0.9805960655212402, 0.9826445579528809], "loss": [1.35100519657135, 0.43445754051208496, 0.25999975204467773, 0.17998069524765015, 0.13236193358898163, 0.10436572134494781, 0.08141365647315979, 0.07006735354661942, 0.06046856567263603, 0.05511581152677536], "val_accuracy": [0.8452652096748352, 0.8930684924125671, 0.9318802356719971, 0.9539039134979248, 0.9535624980926514, 0.9584566354751587, 0.9607329964637756, 0.9556112289428711, 0.9619280695915222, 0.9613020420074463], "val_loss": [0.5038106441497803, 0.32637888193130493, 0.21167467534542084, 0.14171291887760162, 0.14260993897914886, 0.12693019211292267, 0.13370414078235626, 0.1474514901638031, 0.12880036234855652, 0.11900106072425842]}